Date,AAPL,AMZN,BAC,CVX,DIS,GOOGL,HD,JNJ,JPM,LLY,MA,META,MSFT,NVDA,PG,TSLA,UNH,V,WMT,XOM
2015-02-27,0.6727519224363252,-0.011597768887558813,-0.08895123761806345,-0.048767069212436454,0.2686420303938779,-0.09055706629359761,0.3881002336263131,0.16329153364553073,0.008552033352694721,0.37722696504630804,0.09082628713820662,0.21320121913653756,0.09688817209964462,0.24481458065746242,0.1343360110901788,0.12231957505268709,0.4941372395830701,0.19218886056154183,0.1664256848262251,-0.024535939750066516
2015-04-01,0.7411877851184567,0.04987571945655778,-0.03660848319722909,-0.041123275999787046,0.3043293747383471,-0.07528090213635985,0.4290948645252952,0.1434172559440543,0.10731886341751862,0.21380504347475981,0.16707995822427035,0.153520230482604,0.17550627426229504,0.22088808878464072,0.11592865142429476,-0.16939672047616317,0.4947268529816524,0.20988349843252485,0.15170533619876192,-0.0537999562013165
2015-05-01,0.6362106528722782,0.07950672635266387,-0.10258455092687313,-0.08715933491262806,0.30906153866341834,-0.0326101966901402,0.45507626475170926,0.040220465179185094,0.021286481106008504,0.25394783167422763,0.16687401945111358,0.30421570201397263,0.0096368973000438,0.14594215118727072,0.05652878859915389,-0.135410494535515,0.4583158368701481,0.2235265088723899,0.0771806159845958,-0.1108860470384051
2015-06-01,0.5550447149134861,0.3734450406487848,0.07806795333768446,-0.09529586884009444,0.40679630893588414,0.023452800344101243,0.4099191149582544,0.023437028257401016,0.17251356534605322,0.26674631005808225,0.23768527194766342,0.2917415705951911,0.24933713932045665,0.24619304923226681,0.005498616605966067,0.08809513971812599,0.5347552544797534,0.2861806832614173,0.010454137861316992,-0.09861331060007916
2015-07-01,0.4689018136252505,0.37872341100706475,0.1038550373455136,-0.13234312479456345,0.3375824645911023,-0.03925470550226984,0.42108091367986167,0.013469758940501286,0.22133108123162915,0.3589508317922787,0.218831793216272,0.26840462294017686,0.18412577818029918,0.19820753892230014,0.006410422556136108,0.20060643719867044,0.5295434084688799,0.2963324589839931,-0.002511789180150381,-0.1275109666116493
2015-07-31,0.3774761787214864,0.3158939950448756,0.11730028265987524,-0.2358625396941203,0.35620905253897295,-0.08147209938132571,0.39771128682507184,-0.04398902436566554,0.21385560391184621,0.39792916955436075,0.2595355985289993,0.2769615224736275,0.08967409972960905,0.1067626949389806,0.03689480419256164,0.12276822717659197,0.5303024572495032,0.2761432392527632,-0.02156344671296062,-0.16271097342749308
2015-09-01,0.28397542499817896,0.7460757757711807,0.20813912977374627,-0.28185625248946344,0.43162323134766245,0.14626907890639007,0.49745535402372076,0.0310445528457981,0.24564289387067118,0.4340882671356303,0.30805014034607625,0.2991986002617937,0.11838786181552297,0.14720425193279651,-0.00682251204402895,0.1409525684294637,0.5131353670948142,0.43334170657184057,0.0029802858250760345,-0.17396964725695363
2015-10-01,0.06889200112188454,0.46454696531060247,-0.019894722403847154,-0.3704237869927256,0.1277359323008167,0.08104942739174126,0.24030630498665073,-0.08668185232800629,0.061151466685543276,0.2902026130613715,0.18281881888261653,0.16586456216208245,-0.054809040108343754,0.12735668186170268,-0.1449670300553264,-0.11520205696628871,0.3197710761163137,0.3072303981239366,-0.13360146969392572,-0.2515393157152116
2015-10-30,0.1237472520268883,0.6402695810700367,-0.06410977935909146,-0.3059501655161795,0.19533261025813098,0.10760312337026523,0.3120939005143033,-0.08102074982510865,0.054955066928353835,0.34502092704252885,0.2460613522063686,0.18811237845127327,-0.002075856765101025,0.34545819440457715,-0.10743858376463034,-0.001498571453580344,0.39548659089639027,0.3426117993874762,-0.134598703655614,-0.17632131505692894
2015-12-01,0.12539651731430657,1.0490408276641858,-0.010091076747055339,-0.21029124182448533,0.2678437329658805,0.29851905288855485,0.2938080306433264,-0.035668964305930584,0.09112628661146727,0.26374586505954833,0.19046372115426724,0.35978119088194416,0.1512193839732099,0.4766136664604663,-0.09614361964036,-0.14385601513820923,0.25920754151076997,0.2945328110178236,-0.23077405456416045,-0.11641806466268556
2015-12-31,0.03710171130194051,1.083006178171646,0.07382570260678456,-0.13475289181119432,0.2679208428316946,0.4524042890672306,0.3935117209192478,-0.02440338676932996,0.1573728646828314,0.29627849393462924,0.12775800648739355,0.42636518138576496,0.1666661163343761,0.6177448303966264,-0.12938302209332875,0.023959584531653144,0.19213997650781356,0.2468891786037286,-0.29874097833883606,-0.08284633740565717
2016-02-01,-0.030136874636808475,1.1778313909946103,-0.047757864507153025,-0.16170613450740812,0.12929873571910933,0.466117664721194,0.2852397537187441,0.011421618877747841,0.0837258187359684,0.25392450575640746,0.13811122766229333,0.34145120565088627,0.22691854428395808,0.6711558942341866,-0.09969567241570054,0.07913318504879152,0.18271310940947494,0.19137378399040528,-0.26636606741788116,-0.12791788135101634
2016-03-01,-0.16291427058083652,0.6213296597696247,-0.0672909171290873,-0.13042101448894816,0.05889245750213479,0.4338574176682819,0.23593233838878946,0.0731304371880157,0.11202195869308906,0.11794300080521447,0.08830390203760774,0.5161373645846565,0.39107456604884927,0.5513524166891384,-0.004531232043999411,-0.0327112177327783,0.10853520052559174,0.17535255558839213,-0.18360955174731186,-0.09738005371430514
2016-04-01,-0.20291484917979508,0.5231481769507427,-0.15552567141913176,-0.15362786813342066,-0.05027332043447563,0.31910859779029943,0.11747065246763477,0.07721074932761995,-0.007488865344348006,0.06409633638386669,0.006926273706439501,0.3906546751540978,0.2318090701262998,0.5088987665620202,-0.013016838613313708,-0.08355463324200874,0.08823603358978227,0.10833785000805873,-0.18613198594496838,-0.04904584074944074
2016-04-29,-0.09835891813242836,0.6164316128011289,-0.10869946301928068,-0.05703077138436974,-0.048890897572851366,0.4006986818684435,0.21640815421543502,0.13417711073943717,0.0192377315583927,0.05362369420661528,0.11328246098725092,0.42108488412297174,0.40192596844039863,0.7487865898481727,0.04957380791041044,0.266538711926519,0.1251060735558691,0.19894008757711523,-0.11933122225795767,0.017497063157049464
2016-06-01,-0.25957598946171123,0.5597938275459453,-0.08455341751472112,-0.017641740604506406,-0.05423154730461632,0.2843458318415697,0.2472161495050973,0.15280266956923616,0.021528417320553217,0.060333543348399354,0.0708172574429411,0.48854294617946703,0.052833314238701634,0.5873330188008219,0.03233142950456158,0.0651682972648644,0.18316060940504397,0.1828253363488237,-0.12436650377609948,0.030647899108194654
2016-07-01,-0.23030415675152782,0.6695442732666042,-0.08744576689962069,0.03360906496409766,-0.10122394517841649,0.3627936142016195,0.21095244813492253,0.16086966069348096,0.022087374435115992,-0.026483745761222033,0.049348944479301604,0.47938704150337763,0.15009350751306338,1.1215531507808696,0.0730951649698004,-0.11982359260774489,0.14160362677114824,0.1545400277627873,-0.028050840721014936,0.08605024389054927
2016-08-01,-0.22706598320826632,0.6591143699291011,-0.2291405321318979,0.13692483469728312,-0.14306970035973277,0.3072885388805753,0.18013373005814226,0.268371006244035,-0.07355778868502205,-0.04510216194726435,-0.05278922807190278,0.3138877328417473,0.18294536769613123,1.3200092333851585,0.10018491345159242,-0.19561579442047883,0.16158539515675674,0.10561803496790723,0.04359577898568223,0.18029841307069883
2016-09-01,-0.10781962795891742,0.4319500078656118,-0.18788845739074023,0.17495976410855052,-0.1929090885271041,0.21815976850578056,0.20989316703688,0.28858067010685096,-0.041621262163056616,0.010106910556711979,-0.016201589602170108,0.3223060783781244,0.24523692013015874,1.884330470261812,0.16508200944063045,-0.13578813359724473,0.20273950951585196,0.04623525159147257,0.05602948676788033,0.12301022971921172
2016-09-30,0.011993872850230458,0.5519796492113316,0.04415019108356599,0.3416045049529084,-0.03976155539282156,0.2570683439609913,0.21134115656679708,0.33023835721524475,0.12592461508350739,-0.006446136762259136,0.10490923442061728,0.44640607691758394,0.41485857732889664,1.9639842226214772,0.32549659492069316,-0.15865561055078803,0.22620161660285398,0.18754612289371386,0.1758990533824556,0.24715692013277568
2016-11-01,0.05372416273637737,0.6079851948248698,0.02127241311052619,0.3752476297424563,-0.08313880698836151,0.252429836632871,0.12196207541212867,0.3043289019163926,0.11608316659746487,-0.03268130793470181,0.13055159164133912,0.4103353622432473,0.3266007853169748,1.8687451972383173,0.2900052397106858,-0.14944969019001741,0.22187433907488985,0.19021901293936638,0.15612356368127434,0.21996435944106296
2016-12-01,-0.047081570753496504,0.2548490202066811,0.004465892522467874,0.22649166462315873,-0.17656334523187012,0.09233911968140718,-0.010562715169477821,0.17444487657913244,0.10511534614685303,-0.08149556243867184,0.06888175956489717,0.26998151136190596,0.1671732628789726,1.462949443289629,0.1744445879852219,-0.0779974083082765,0.20481173131333108,0.059751506146970446,0.24735608332938974,0.0465655368309017
2016-12-30,-0.04613920646582126,0.0951167761633378,0.22953419809058828,0.27956615809354335,-0.13079512581780028,-0.0248281270150833,-0.016398933978575503,0.11887356345249533,0.24540258022290273,-0.2168803878051142,0.031246281906202267,0.07449569519874455,0.10149319372287557,1.7017556346010276,0.1133797590810659,-0.23318862565175602,0.4144702182943809,-0.04888408522575338,0.23427929647973467,0.10296020014258422
2017-02-01,0.12480401480336845,0.10945572452950514,0.3336847370882676,0.36661397798526685,0.006719809016777933,0.01856020955062565,0.03541495578744569,0.15329197644226755,0.34536309533766474,-0.10368804734670867,0.06907090967462959,0.09927385532474942,0.15077749330234202,2.2696024106656387,0.09360297848413746,-0.1096621296709317,0.38408255149380643,0.013711720614362433,0.16031213784270482,0.19882069439042138
2017-03-01,0.36487195933905925,0.4480437373853545,0.665348993721181,0.3593890630513874,0.18730971690930875,0.05769561865086348,0.10951779217209134,0.1155522323293996,0.4840767261975434,0.016350471371940678,0.1943599410289718,0.1576159041041023,0.19401683941298042,2.926465690387525,0.11105895628054396,0.2655631326358203,0.42842319157180464,0.11679203022097417,0.009677472274419063,0.1255675559705567
2017-03-31,0.4199259723128632,0.47326608949913385,0.9695274159655913,0.3768143215063533,0.15420965273414877,0.15438501748592182,0.19173983904144687,0.18710068837204163,0.6258009266459679,0.18338626127485913,0.256666868920455,0.2513202554661671,0.2675527858739901,2.161279167800868,0.16456817885870012,0.34166886149938946,0.4042976709137134,0.20124027870951533,0.0908179279550676,0.05755602812980931
2017-05-01,0.33373017614798095,0.4812698678170715,0.7655725066923473,0.18614517776169492,0.16174321457219887,0.10151119716284551,0.11266249374396664,0.17217723543903607,0.5086767495668869,0.17606080953112513,0.18271631268219668,0.223935941157555,0.21634190594291525,2.0350278758857243,0.11013840007402731,0.17134564781057504,0.2838376314354223,0.15401047883799257,0.0739847602897028,0.02353433864309462
2017-06-01,0.5967428633921716,0.4376051573453468,0.6457049110337676,0.07942987108361854,0.1277749879793615,0.31776560629000583,0.17696607121378416,0.13085798173424745,0.4141636006859226,0.11208154768205092,0.2095351549439206,0.2966491293999749,0.4284237153901491,2.0230706105404432,0.12124035690244162,0.3408788317101541,0.3483891990011514,0.19041549391249335,0.15762981272427745,-0.038867224062242633
2017-06-30,0.5855513736611853,0.3843406105127507,0.5453838100186321,0.07322377212010855,0.1148604419751924,0.32043145165011744,0.20336213754437882,0.1728149666732557,0.2980474989762927,0.0955275589578315,0.2903206688506623,0.27571969312158573,0.3595729430145227,2.101432339674873,0.11146249390337215,0.5502369113669243,0.3575460592885471,0.21332031517130212,0.16414374726384096,-0.06272862912520294
2017-08-01,0.5306912630413749,0.3339213150885867,0.8792741624746181,0.042703417916492015,0.10013901102149836,0.30894762191333824,0.21007538549867322,0.12025016034005565,0.5198461379777375,0.06991489753750124,0.3779854189595613,0.322182308520375,0.38104375432144955,2.1157153469988765,0.060340807949841535,0.6702539577428894,0.3381391184584144,0.2686219256987754,0.0688790491700999,-0.1083414225058088
2017-09-01,0.4419938579000804,0.2975616823821152,0.7314236645070158,0.16346925461454154,0.17533624318350927,0.1818113868281872,0.10412974507015704,0.08533606618849499,0.4935331353279655,0.016369869003158177,0.37262777257338375,0.3664226216409354,0.3148727692835751,1.9159552762449028,0.08750069772231006,0.3893743985893532,0.3616679548260606,0.2986262369674031,0.12200748745532608,-0.03222925433314616
2017-09-29,0.5641693184863577,0.269432423789709,0.5304881685465161,0.12916883236798093,0.09317982437340522,0.20291900126445062,0.14945545856582232,0.1298253396780671,0.3974877699246546,0.06424567438851292,0.37548467273073394,0.36339860999406337,0.31483509510899865,1.711975521489736,0.08080659158871728,0.7701846426332868,0.49593019344670686,0.28745670696047565,0.10580511977974472,-0.08506152413323342
2017-11-01,0.38733846313906306,0.14814105782434095,0.643850069759681,0.18778769581382027,0.07762854528498075,0.21100421853609141,0.30066114669683475,0.1300458088012315,0.4691037631365753,0.09389118426024345,0.39821825266948396,0.3321119458229276,0.32438524314728223,1.621284810316423,0.04565126785743123,0.6718129227845635,0.42092837969366537,0.2819846459934099,0.11356739402473637,-0.025355383954688726
2017-12-01,0.5233104503095867,0.40522778804968773,0.6826993773102059,0.1324419068170326,0.08816511631440815,0.29438350808750413,0.4115569226197531,0.24613560442587268,0.4966327343945709,0.16574165584069633,0.42908676263855106,0.4105017565679814,0.424481144027677,2.014829671135809,0.03175588368471627,0.6828974505643506,0.5263933375279506,0.3709065759921466,0.30422291826256354,0.04038450794743276
2017-12-29,0.5873657966798724,0.5630337383090414,0.3276269774112355,0.09681555869404801,0.07994896721725309,0.3411354781206528,0.42563535524744966,0.2894332903968475,0.3104427434294712,0.327112711216498,0.505319582355759,0.5212860882032557,0.45509125170327214,1.2643782341928396,0.13836595306905952,0.6853420466492421,0.4303930110070031,0.4783743382230847,0.4157926086480719,-0.006911505397564577
2018-02-01,0.4846433309314735,0.5595636491351448,0.3568515969667314,0.10589607092777409,0.047601738537879745,0.3292950939182919,0.44612812674709335,0.24425248755166185,0.26758808070131646,0.17834268137473774,0.4768553295721869,0.5337677996489696,0.407306367472005,0.8198787950239304,0.1269524077770845,0.45701711084217744,0.39834996388109745,0.471765049939177,0.46560728543786944,-0.038068986753753475
2018-03-01,0.3241011706624115,0.6699705530213356,0.4422681174974019,0.17620793188721406,0.008152613133563191,0.4493767165150353,0.48796424710984043,0.268728796535072,0.4066891581097909,0.08973661835422697,0.6583729302402788,0.44929789323057556,0.5156446528445773,1.1187979039391824,0.013500859822225264,0.4012598648991932,0.4674873129895465,0.5357829065484556,0.6344221754422845,0.11478874448910581
2018-03-29,0.27168210020867845,0.750656486747294,0.25489606469019277,0.023319880674131266,-0.0619209050592856,0.25055148204977895,0.25292527850666446,0.05408824502367682,0.23911169242653751,-0.06315234796069857,0.5554543292263925,0.28030866761960915,0.45972305678657155,1.2664226889839467,-0.11479824296476282,0.3236141855112904,0.356687641057712,0.36231714661049463,0.2971297560272823,-0.058705575008402566
2018-05-01,0.18637196347609009,0.6325715097610967,0.2922950754286031,0.10473976050991474,-0.10043930211696217,0.2233308449599758,0.24141763750666145,0.05541366655233748,0.28008917841219705,-0.055426703503418384,0.5681924895752641,0.12488557929145827,0.41483941609097763,1.132961493508113,-0.09031111538529157,-0.043729754124735676,0.3239683014859127,0.3553196102510381,0.2644828718383707,-0.05458891429941415
2018-06-01,0.17188681489060453,0.6686458051725692,0.2894781670158577,0.22611483211715044,-0.11430956270970627,0.11570280097497343,0.22438269108416753,0.047970343405934424,0.2767245560480853,-0.007654251275833079,0.5588348097419267,0.14036443615765726,0.39734126985807783,1.13690106701105,-0.1467866091418184,-0.07096609754614747,0.3765384691280851,0.4068790304918113,0.19029380728120904,-0.025531982615732862
2018-06-29,0.2612434191943027,0.6482153215123874,0.32166879307863305,0.23366577812970712,-0.06751292076605853,0.14844820689114768,0.23467182595294944,-0.033380159445538626,0.333534626743218,0.08972285634069133,0.5933406239778505,0.28020866935871735,0.46587347769768117,0.7895953438579726,-0.13939739675122198,-0.14263893280828432,0.3750154007759099,0.3808474669651918,0.06483781497721575,0.05445379646350279
2018-08-01,0.30528763984790563,0.7559916360400607,0.1821272484908365,0.25864100204015616,0.0017797566065058668,0.21460075146604574,0.30041352730221393,-0.05840605550941247,0.16489901622606373,0.06512762586702392,0.6284526390093081,0.2870581155408827,0.4585109176247586,0.6433835434419799,-0.07509793446328661,-0.051602536081242545,0.34180604202256704,0.4218775962813408,0.15894058249146625,0.06565435211266157
2018-08-31,0.36376021218445276,0.8040432978981351,0.3002629684866507,0.17560758530598175,0.03782824260381301,0.3026009204082645,0.33940884113369796,0.027572362162097352,0.2702770386569988,0.23097116537043227,0.562831630563837,0.010538146382774727,0.49290288103329916,0.5026119069985908,-0.08472705631183242,-0.05861001213900252,0.3366326465723555,0.37982294830944174,0.122495846702664,0.04274616495857564
2018-10-01,0.4085448394153419,1.0574597738064804,0.29953271347430155,0.13074716930047559,0.12146615479730971,0.2939210238112744,0.36039386543431373,0.05555727766810459,0.27666728100510474,0.3541839599083818,0.6272492327756081,0.021567262840781254,0.5465845571798855,0.6506937513246012,-0.0731736314704825,-0.1512098971754442,0.362920950880562,0.42314968787349394,0.2519716418465823,0.08945374356862201
2018-11-01,0.4968608732017168,1.0849430507593802,0.1900262837657587,0.09903278376836777,0.1983055474645814,0.24114721474695822,0.2967603399993093,0.10333094739758097,0.21418575898658276,0.2911455950159705,0.5939974241413004,-0.049335738999902845,0.57999236924639,0.6226363848143965,-0.04920200740779035,-0.08912342399446282,0.3927910324653485,0.4423335194527127,0.23653235206919065,0.08914462773612031
2018-11-30,0.35166846602391577,0.5090696532056826,0.027385066255532386,-0.004211039554381402,0.19130279184178223,0.0416075472953743,0.11482626226705683,0.03303668378368241,0.10460556372766372,0.3356431619018978,0.34860415719296944,-0.16922149619868676,0.29633275491527167,0.0552697634173851,0.06741381082053133,0.07225615833251586,0.2623317904096085,0.27635741642968337,0.17066366877013373,0.0008316803310235432
2018-12-31,0.05969595396233229,0.4540972805394681,0.023537648113655774,0.03362722518906747,0.11501053684473383,0.0825113683679155,0.02203105638154268,0.07790019578575258,0.08538368971081112,0.42547400063928253,0.35053122404277004,-0.1969731553580064,0.33882788913739637,-0.1709529850609398,0.08279067737564949,0.14337913011013637,0.2574048909864115,0.2883071909300703,0.026698995369208944,-0.00797173900969761
2019-02-01,-0.05390193157568823,0.2843168959316702,-0.1499655800919325,-0.09747418154204412,0.036078261992696925,-0.008012059328175836,-0.07295530410279516,-0.051314762652250545,-0.06623808777310347,0.40454768146190756,0.25312929623878055,-0.25711216518706226,0.20795299566077063,-0.3081523689623077,0.035695168219493034,0.0688935444900336,0.1452391664128867,0.16487616504506497,-0.03431956294363492,-0.1509332967831064
2019-03-01,0.007390792820638481,0.16994964819160296,-0.11071478919523081,-0.020969797089737452,0.023304741248441285,-0.053292668200800475,-0.05684617918132562,-0.015569537471092354,-0.08815178251676947,0.5037982427339491,0.24306403549050004,-0.1417989241416573,0.10926467447949206,-0.3965331165714284,0.17570103968554074,-0.10605584979059846,0.15782603651975236,0.12220669177214472,-0.08938804153581226,-0.112312725086541
2019-04-01,0.0150530341357209,0.11937462107179031,-0.0505366201266545,0.13129486602841256,0.12915962449528684,0.07197058970593861,0.0540774624819067,0.11671026035366894,-0.055523444077321904,0.7230412036233351,0.3171841018442134,-0.07764024796003799,0.23241181951461365,-0.3241002423633468,0.29527756917194226,-0.10920742238892867,0.11147010384476874,0.24972275572021152,0.12544211478316702,0.10887854135963293
2019-05-01,0.15718242084685063,0.2534650770187554,-0.02954677510656245,0.13795864171772854,0.1379342601467326,0.1560445791332601,0.12437101165777142,0.11417979218546725,-0.023848553096306846,0.7064432245968397,0.37236911182603105,0.055760903171045983,0.3260543376269258,-0.21040064845413764,0.35372344791573895,0.08661181489666969,0.1634424995290058,0.3234283040044841,0.12491759575821448,0.14181652831501035
2019-05-31,0.2639005098768292,0.20809472087320713,0.030313265507783127,-0.019966399635061305,0.38459561629531325,0.1273794905351353,0.10298952219253521,0.15731559753507973,0.08883019032111084,0.5291093796991693,0.3876915689605951,0.11026127964193178,0.3688264367729486,-0.2029253537731246,0.5067092231896702,-0.21975860071636233,-0.0069811940267973105,0.28519671803867297,0.18642988173050923,0.06564416930625949
2019-07-01,-0.06573347294138865,0.08134432459871488,-0.08111604223876134,-0.04412580863206905,0.34997768022525744,-0.02511011812767161,0.03226081379707124,0.11051514152763775,0.005356700936989034,0.3961528291974825,0.2943983527164167,-0.08515898061391036,0.2470326652486825,-0.47222833639099926,0.4477274638890101,-0.3654992701852028,0.0075379128720141075,0.24107374469309262,0.24937744218434332,-0.09735232547750516
2019-08-01,0.10538567748346228,0.130833033133692,0.06564941246380318,0.026756100788170034,0.372924471515204,-0.02585037102328913,0.10562744790007539,0.1792554938578419,0.12208020960839172,0.3499812531300446,0.3650084996205325,-0.006793034890998584,0.3982685442795584,-0.29595213874125725,0.4625661005884174,-0.33760021610129864,0.003727772085679204,0.32191529640671535,0.32012894853738727,-0.03412556826886248
2019-08-30,0.050137786376015514,0.032356441491049326,-0.03641189977411474,0.0012717494401133234,0.27321884286043563,-0.017202000834002473,0.11219460369539269,0.008580074231843371,0.0059637735184936425,0.14402609472890315,0.3701301763575382,0.1228080180001978,0.3201154595845206,-0.3283799002566613,0.4916905681767867,-0.22267648871339552,-0.0016062925763489222,0.30453685508410144,0.267016994921806,-0.05924163593646403
2019-10-01,-0.0687555714289042,-0.11746351312338821,-0.0918087193431828,0.03404646498845909,0.2424684670761763,-0.033503734392676066,0.15854324477972903,-0.02067750918113942,-0.012246933090663159,0.0926461433691026,0.31248824575638223,0.056564085035496925,0.24656172726541614,-0.40071117746536133,0.4938162731425382,-0.2521050086302058,-0.11537696458125257,0.23903708351694664,0.21726317750407365,-0.10660440747005784
2019-11-01,0.003586581387098553,-0.13406275107960897,-0.018861674431091324,-0.02955376533691978,0.1301047512257938,-0.0020934193547076374,0.1429486867485903,-0.04374004383271235,0.04879799249439465,0.0537560990076138,0.21746658925495588,0.08230735170554482,0.204254775773407,-0.3961660740336249,0.5255521190217347,-0.2124556803875448,-0.17970857585463518,0.16340233719295272,0.2749262436317701,-0.15959571829397867
2019-11-29,0.16906548774678742,0.07559758088180923,0.16963830908185917,0.08772060811411819,0.15941583537773596,0.17152249026612565,0.3504597845469195,-0.042583607438372084,0.20930596484975794,0.06590039441719941,0.40505155121048797,0.27591436751591836,0.37819436061475464,-0.067284575580971,0.42151692994289225,-0.08995585475097845,-0.017707938694007885,0.29313976148737186,0.19425485102685847,-0.09762112854869842
2019-12-31,0.519014380433958,0.0654549758420786,0.20008497027663408,0.024793287596419633,0.3308664529641512,0.1752265367870509,0.24820503583871556,-0.03767411796901676,0.2219965307940015,0.01145753767099511,0.4614624295635601,0.43403745594937293,0.3853215600674049,0.33137442487144186,0.32782524017859105,-0.05860533785506872,0.007652249876724859,0.31037977278512807,0.2454627667285667,-0.1019742882120962
2020-01-31,0.8895786876316933,0.23027749504206452,0.4619022338865415,0.1527363131638153,0.3351351281682613,0.28176188832676563,0.30559822971059725,0.16220034486966783,0.47257078174419487,0.1613995442136118,0.5915800163332843,0.5657182576470532,0.5755806362839277,0.7694303464546137,0.39700464766057064,0.2570011888547681,0.20003059173030668,0.4332701336484608,0.3016293682836768,0.07232890830761352
2020-02-28,0.8866224543964794,0.23520038777739316,0.1831184344645842,-0.0580976471460678,0.257864232424998,0.2808462358330259,0.27088248729603936,0.14058555462793731,0.31172733346077774,0.1811772173534294,0.48558252615803066,0.2184539027868333,0.6807452291664278,0.6399735547266807,0.31193781188980063,1.0837578453392567,0.0310264936044502,0.42880293952033943,0.24449950196870773,-0.14258136137076316
2020-04-01,0.5827743014159144,0.1268266725082947,-0.010565421635444161,-0.20274025295478648,0.044538465993541276,0.166065774457959,0.20847443729878656,-0.000825858189610118,0.14462416553919288,0.000831411808847049,0.2838294179506664,0.18603662194953396,0.45875300913707795,0.7322314615872685,0.1802841619950286,1.2659859504251743,0.053307886705001195,0.2234693919975388,0.12182993073069048,-0.3240349415337722
2020-05-01,0.27621470346382027,0.05154365087241852,-0.29062956473152257,-0.428036871153207,-0.14603126928649968,-0.08080205443968136,-0.06278103528903922,-0.04729148848948095,-0.17003922111257996,0.08072029533868164,-0.03872998425756757,-0.053942021546432795,0.294929457704874,0.3381275098047132,0.08245149650159345,0.6652603285417451,-0.016627861652770193,-0.02043271264558122,0.18933651678773988,-0.5172632895214253
2020-06-01,0.3910964587542678,0.19592791349031313,-0.21893526274506225,-0.2086868184827072,-0.21697214574706736,0.12272848407477643,0.1285444080623539,0.07383911705458823,-0.1641180579916205,0.3290011935874524,0.08610826903220214,0.04786823270429852,0.383169378079796,0.572348370089035,0.14194614497289115,1.9969657948153512,0.2479837074537934,0.08510443575056015,0.2360912942496689,-0.42351991178692905
2020-07-01,0.8603486366373603,0.39208030465484733,-0.05256287891105116,-0.14641985695961668,-0.08950682839092194,0.2967646100985284,0.3370275942031373,0.1537493893300661,-0.039421978068193475,0.3430666267989051,0.2048320746507437,0.3067560076685696,0.49643993978120426,1.6064512564611553,0.1686471418723452,3.8503996794714803,0.28727547687439126,0.21220910308640195,0.24443432162062018,-0.3071363445483102
2020-07-31,0.8281098286815312,0.4976147201487562,-0.18910383933902108,-0.26493516284620255,-0.19243826789263063,0.31090919417475593,0.21007020546666189,0.035543980955963894,-0.153144719270508,0.47948849212841527,0.13495514923033358,0.23082910871361806,0.5272617693568711,1.300425147138557,0.11381731126250627,3.9285996125774183,0.24828446696963735,0.12103094188512387,0.10185417861976909,-0.3951017290739216
2020-09-01,1.0635830758305693,0.7057326553732721,-0.13468593957609443,-0.271895476216256,-0.17066873251876447,0.2279041592424189,0.2791149073473358,0.15008173923384005,-0.1143655148134084,0.38909489823998844,0.1314882154990682,0.31619353792016747,0.5032068289656964,1.581692054677717,0.15197502279534558,5.118281061704379,0.23579153611652415,0.06932513583274336,0.2047478919623782,-0.3847084713630524
2020-10-01,1.5967485223054196,0.9699035159410276,-0.04146103613016605,-0.25784101077011723,-0.021199566949250293,0.39020421509528935,0.2864881657679881,0.21249643691284192,-0.05656188732848899,0.3308437641872306,0.2753379903598452,0.5912101122497135,0.6673250687668084,2.307247671532064,0.1786610647597362,9.528124219705157,0.3600216259990785,0.18736451452346325,0.3143519595419033,-0.3855533984446561
2020-10-30,1.1006955737497006,0.85593871200402,-0.13054411765615237,-0.3616610651657497,-0.0424640930020429,0.23374793149590478,0.23090035423539246,0.16410466556355363,-0.1314139333164056,0.3272637308702986,0.27422389036421246,0.5165801263982435,0.5676568275805152,2.1363214538686917,0.15298763325390285,8.157709479387167,0.46540460483844104,0.174112455700264,0.23537405030469616,-0.48724682647522577
2020-12-01,0.7190226900920202,0.6948097340282227,-0.23531742995064486,-0.37108503346133936,-0.08115675644538123,0.270277026936536,0.1513380961161752,0.07343464532596311,-0.20500543761477907,0.18351483969737736,0.03994345640887431,0.3588987251588709,0.42481948032650574,1.479932064713395,0.1341417939139431,5.192588826313047,0.2300782023688921,0.010662782809383042,0.20033068930135922,-0.4998549888688031
2020-12-31,0.8526441129833038,0.788138562479394,-0.11654276265267094,-0.2110893913888494,-0.008211377384530705,0.37671475389304554,0.28516380699405364,0.10159720879254208,-0.05822435809829973,0.2652647152124805,0.16588609462110182,0.4210967269057313,0.44339055274127914,1.4745102881320413,0.17001620671283502,7.8616110019918946,0.23946954588165026,0.15169941082942295,0.3041934368562369,-0.38977366451148154
2021-02-01,0.823066641292975,0.7625606069163975,-0.11632979037417501,-0.2595210063748913,0.2527136234693985,0.3085360419625429,0.2450169338609698,0.10823713112237088,-0.05534798641438066,0.3103986141862143,0.2018636418915838,0.33086497844088947,0.42534091594548107,1.2229568592005888,0.14152527923765068,7.434369946079432,0.21250190402450886,0.17124200318454563,0.2332244267274861,-0.36211044972259376
2021-03-01,0.7485501871166982,0.6641841786759344,-0.06294597646640765,-0.14778621810385928,0.23613637722329472,0.32125655233311656,0.21193253553963332,0.12267970078758261,0.01565009890513336,0.4839117724124542,0.02320751725956849,0.29765716676910947,0.42271471078335954,1.2431743836634568,0.060561856470284336,5.454417001223005,0.24608860901794505,0.0030708191117438943,0.23674464044230392,-0.2191335221941172
2021-04-01,0.8844101341780055,0.6701473851194426,0.28946828804533564,0.15805903819577916,0.6572883348337741,0.5453874935469702,0.22930775193401498,0.2167490321525949,0.3442989233253293,0.6681143384208397,0.2569583096309367,0.37637039840598074,0.4773646247465302,1.0522533917187484,0.12488902773102262,4.377550792271113,0.3341599503221995,0.19930763949156027,0.24036972606197282,0.18705134257579648
2021-04-30,1.0580871450257794,0.6569691200093295,1.0481590106667165,0.6337855059700244,0.990834452039772,0.9324744119275228,0.7627389376177938,0.298293722648288,0.8897071284055922,0.3837066005439229,0.5976306452665645,0.8713033443861495,0.6094456677450284,1.2760597929806745,0.2586558674292916,5.870898567718065,0.5709661315018595,0.425234058610229,0.20772500671887828,0.6555753096642931
2021-06-01,0.8331756294009498,0.5167801021399843,0.8006282824624216,0.22063545539058493,0.7632228031448638,0.7865820604727258,0.5151519664274873,0.1270518360820314,0.7030422850526201,0.2123166070520206,0.4287286858678405,0.6071585990546922,0.4592575576225866,1.126100319646763,0.17009726067336328,4.057890882804204,0.423671532798346,0.3386229960464866,0.15693310622356216,0.4365174068568558
2021-07-01,0.5549774464282562,0.3025486643125739,0.7882622919156224,0.21450568148661553,0.5057673455150702,0.659509319279243,0.30873190734764044,0.15421725081011206,0.7388088873957328,0.32592970848028124,0.1996545502364213,0.4192143721863786,0.3662721799680271,0.8495063745952762,0.16108740235747754,2.4734438389251396,0.35028597308530585,0.17313192518141807,0.16103103982029765,0.40769072258369654
2021-07-30,0.5181667660955092,0.19254178237840147,0.8261904680194456,0.28086102593581463,0.5685337692375378,0.6982592951018596,0.32480211976661977,0.21335371306940143,0.7390622047898672,0.4418916181923973,0.2370094132501015,0.49185449252657865,0.3396670392925254,1.1233618260220104,0.15482047071107807,2.0274286971215547,0.38034553828495876,0.220815434815671,0.1825885382732706,0.5594835748884868
2021-09-01,0.381920385833318,0.0514776100303731,0.5765856736210717,0.2816267898072866,0.5052161916617213,0.8109010208500846,0.2638843654121019,0.21250620976097512,0.6152183271122,0.6505603561093734,0.2569109939227978,0.40458091631632387,0.40319333009798575,0.8391201505488604,0.11130007017296029,1.401520791747226,0.3818962271877906,0.3018774809819238,0.11920846377119942,0.47418774791358653
2021-10-01,0.14391786738451073,-0.005749998517344812,0.6382455424288673,0.21618739370614115,0.3738673532185255,0.7547852601189309,0.1631079188168747,0.1760105049578946,0.640308157731968,0.7772817480923258,-0.01583063401866458,0.29315600067593417,0.340253962071021,0.6253877496275022,0.06645730144756401,0.5452899343260202,0.3541460233692304,0.0849539879706609,0.01683424363874697,0.4628017006733063
2021-11-01,0.22927899239868932,0.0192470696348086,0.8245380617752531,0.5640579567525228,0.4273782643962418,0.8353788194308678,0.21458348853421128,0.11715491342997009,0.7725179471094505,0.6183308463349724,0.05399726559557583,0.2864646372113808,0.37321292630653247,0.5251169168189631,0.026994858022572288,0.7297840035014589,0.2715403999476591,0.13998996495497695,-0.027271650166922234,0.9727946481219238
2021-12-01,0.37716395706562356,0.0928676623724376,1.0607623549048886,0.7396992872466095,0.403628928948748,0.7758318922033849,0.40462198027885066,0.21941909228638568,0.7754391342102498,0.943627041058716,0.1630004592535239,0.25415255173247053,0.6416865478241265,1.0627116499488611,0.06657687342623908,2.1146017105620323,0.5096324163672665,0.17610991308252144,0.09633025944760032,1.158194556646464
2021-12-31,0.35092704468947655,0.06945173404723737,0.5596759690486324,0.34906331310084715,-0.04878217406239249,0.5712892188879086,0.4859509819559569,0.09911065118312168,0.35172036779363314,0.7374679091173437,-0.0917656182230242,0.08392966789520906,0.5394609015268532,1.3503918350073945,0.07686236918884704,0.8725631204020392,0.3210778159440224,-0.09409054785007964,-0.08759571094368834,0.6484822253035281
2022-02-01,0.34648216136488585,0.023767773568753814,0.49609040772325375,0.46241303046417204,-0.14510434139989914,0.6529579791806108,0.5950599622430155,0.11438072376815822,0.2774577834875962,0.6607812288435888,0.011605589156733043,0.23132956716808573,0.5247693033081737,1.2548205782701585,0.2052204952968999,0.4975555924013577,0.45203657436094913,-0.003149332330735777,0.01970805013145882,0.5757557929585553
2022-03-01,0.30972470260219787,-0.0954296938939555,0.596917915357875,0.641648745940802,-0.154881020832753,0.45418814183250666,0.3937213613733477,0.07667940965756848,0.1939513991685211,0.24073513410521596,0.22527890344314838,0.2175108877827876,0.2991788615042341,0.8629234275456943,0.2689376840806803,0.10888169746641352,0.4221434171165419,0.17860089126331657,0.02786541482751459,0.9100700496797554
2022-04-01,0.2846855410039655,-0.03919093414161545,0.20948853581524807,0.5384853137320837,-0.25274388400372994,0.295492804458519,0.24967605141808735,0.05550899050567182,-0.07170164581946803,0.22672040689352713,-0.04605869596411427,-0.23185231586539834,0.2549695239718264,0.6975817764184116,0.2637160029980856,0.2031373342611411,0.4431382391473233,-0.029362100018381243,0.0516298346516304,0.4814010959149355
2022-04-29,0.425577074159758,0.03486234989208792,0.055562482563255244,0.6284421749037912,-0.2750172046963587,0.3161029905475621,0.0012212234448507608,0.1221152375938328,-0.0986816037409245,0.6038932237457331,0.0068033490466958835,-0.2471372158599089,0.287148142963068,0.9353560904116935,0.18328058593953434,0.638972453867209,0.41523360356859595,0.050296820799431874,0.13083926522987754,0.5284826041902384
2022-06-01,0.20635141846246707,-0.28314712267389963,-0.10278611241827218,0.5939699793326261,-0.3999032783211759,-0.030299609045087328,-0.0527236041369995,0.1371085016726299,-0.20424093608283977,0.6225692573493475,-0.04399317737498876,-0.3833209632417135,0.10944753432433241,0.2365474411241475,0.2318687898015186,0.22739061087615897,0.2923656503506371,-0.08179858764514647,0.11053778344932752,0.5717584476875115
2022-07-01,0.20340864737953623,-0.24388174048191724,-0.1292388539754432,0.7267985145303664,-0.38945417062902654,-0.04339880623532211,-0.034983585428581154,0.10104348411172381,-0.19774768363050932,0.5898812229319839,-0.0024751879231275087,-0.4268526418951625,0.1101231392935913,0.12716676850132846,0.12200868121615627,0.18668056613019757,0.2273308065627282,-0.0675032525200312,-0.10088347968898492,0.7005293284529677
2022-08-01,0.017875049126625076,-0.36171887028680194,-0.22448860805397552,0.4407970967937713,-0.45763289917887706,-0.11194463764642049,-0.11317950395916498,0.10937562270779,-0.2554707559651296,0.4246801068838191,-0.13711671482918475,-0.548435345782638,-0.0364522316623771,-0.2809772463751532,0.10598684973454464,0.0057086761451587975,0.29495472186287186,-0.1473104057616117,-0.10633270407534634,0.45432969696595116
2022-09-01,0.11362063989224658,-0.1862579326360687,-0.10298899936034478,0.6466926332544869,-0.3965458222682394,-0.1474579339754658,-0.047900072916414516,0.03576338814795399,-0.22602618593534451,0.34997267501849616,-0.0867216612804711,-0.5511366410837772,-0.016250392526907742,-0.053615466549663315,0.028735237151861437,0.2977736045552015,0.31612848888715717,-0.13644509556135742,-0.05599918463937992,0.7245650559273342
2022-09-30,0.04153912963941453,-0.26519113574427755,-0.16510152272563594,0.6900435392819748,-0.3866906550853977,-0.2442955454943586,-0.07249243599354449,-0.023251981236137587,-0.2625701261769231,0.21794092914933816,-0.06444672481828473,-0.5671770981074251,-0.13003715985267084,-0.3786360743264867,-0.005985217578626356,0.13266765362713584,0.2723189979965872,-0.12415967797871896,-0.07545785920578119,0.8247273882818189
2022-11-01,-0.025766673909933036,-0.3116597292618194,-0.2833928245843076,0.43208843023277077,-0.4640645194612161,-0.29948809096208207,-0.14404859028109074,0.044855554846720214,-0.3568703531997154,0.4282803988106654,-0.20621352769789547,-0.6044430938270653,-0.1876496336691139,-0.41429311667123037,-0.07387255872296428,0.02648276285596518,0.30366980119187814,-0.22368740231748052,-0.03850782105468398,0.49776555386486665
2022-12-01,0.017012638605125474,-0.4165955947065254,-0.22664925418638693,0.6545881941077423,-0.37716667230290035,-0.369533760355253,-0.17340376564372006,0.08977150143838197,-0.2214675614856989,0.434205857853035,0.00326958420886192,-0.711497713829264,-0.30145154185274703,-0.4752059792512735,-0.03092786811860493,-0.4344980458337102,0.22088965005129024,-0.01912580173770595,-0.03896088743644588,0.782287100138064
2022-12-30,-0.09467282272981803,-0.445367234111713,-0.14276792183220421,0.686562443700957,-0.3064368448307002,-0.2840202824251413,-0.16263279784735918,0.16040094428496054,-0.10988569911099066,0.5068093693313851,0.18490885974676252,-0.6122343588998845,-0.22116906265889436,-0.45439719583759575,0.04477589212111477,-0.46657535082673374,0.22402444166020619,0.1497764717184118,0.13621621393590533,0.9266670533432366
2023-02-01,-0.2640420055047564,-0.4961521476592685,-0.23822949219832157,0.5846237437306563,-0.43908581397242485,-0.39089563339009215,-0.21976204852785053,0.05974871137717486,-0.1264123618313322,0.3425535782906297,-0.026585393024962767,-0.6422179475179316,-0.2802476861080132,-0.5026464505525948,-0.050479436053546434,-0.6503151169866452,0.0693628674526725,-0.03404729972845355,-0.0046385988940672584,0.8740912591276384
2023-03-01,-0.1622814526820956,-0.30453356911464036,-0.21695015998652067,0.31710601741008193,-0.2429233870426588,-0.2703640962388172,-0.08775629355928538,-0.009521049799230075,-0.046012602697789284,0.3986305652039437,-0.039972257096005936,-0.5199999826855801,-0.17373283996597289,-0.1491766867966332,-0.08055244033292608,-0.415591915359949,0.07462475535151158,0.0012335504413576448,0.04282239280238542,0.47583483033361573
2023-03-31,-0.10422655941547787,-0.3901761309819588,-0.17742125253600027,0.11950134652621047,-0.323678721825958,-0.32598091527359785,-0.06914628551952806,-0.044519168009291676,0.0791706396962033,0.275214560712868,0.03251711160332782,-0.1477713567333393,-0.15685383037974365,-0.03227728342360203,-0.07898798649244043,-0.2962388355324653,0.010616427185816901,0.05318763693936068,0.04679056381704272,0.45133673429089294
2023-05-01,-0.04825360172431703,-0.3684886130025483,-0.2833149117803637,0.027644806089388796,-0.2691240802929701,-0.2598669835071641,0.003370880926844011,-0.10660185068103023,-0.005180384483045142,0.18832846351675614,0.004623170590662973,-0.05741615530689437,-0.059116166195535835,0.040841594337951204,-0.016609784549311057,-0.42616101730325495,-0.06566699464996062,0.003890694864766564,-0.007997550861902125,0.36703346803397463
2023-06-01,0.08225422656647718,-0.17888019054839444,-0.16582435113970995,0.10410323680750322,-0.084385888259635,-0.06055149540319604,0.01716329407733852,-0.06889411740150808,0.22253155157026194,0.4068109378523681,0.05199302336713041,0.213049198244035,0.1118394954543287,0.5601992477888138,0.0009379201602510712,-0.4424525505726462,-0.012191666758286313,0.09954671564795348,0.00665601350165157,0.3937728128361644
2023-06-30,0.21824594567206823,0.0089247440258593,-0.21736592917584674,-0.10601905875479578,-0.18866202204747318,0.08629241644481978,-0.003128844878589887,-0.10585426775679474,0.09445247130778012,0.41990256090547606,0.04530374328372622,0.4451337255387402,0.23263616800979015,1.1728801490526632,0.01454205344334003,-0.15912310094413562,0.015637404486777085,0.08749561982000964,0.19399039397614737,0.0929464921650498
2023-08-01,0.40450799384186054,0.18985034241748466,-0.06623686699577847,0.1125736111507667,-0.07135434575962474,0.10081613701920333,0.1434618032064927,-0.05198130607669771,0.31787083977964636,0.4615545799155034,0.24371123880367906,0.7932888196688463,0.3245693776126386,1.9151662153694962,0.06593059194377493,0.1518355464273029,-0.05808018407906901,0.20175271867030475,0.3024020385278736,0.2673716764926324
2023-09-01,0.21836438706967365,-0.02732843610992053,-0.036511878786139706,0.04747990380553291,-0.1618339066184048,0.1453072495825143,0.11546704411741104,-0.0014752473364176844,0.41946634000621374,0.414473635255006,0.1398356256557416,1.0178200529221688,0.22150681633462077,1.5240195523979159,0.12205507894768153,-0.12179450459811669,-0.04407009235628068,0.1434677491669334,0.2198178816118106,0.16751280984153838
2023-09-29,0.2065331544144089,0.08058203291311972,-0.1090816919879326,0.09483912058884214,-0.274504507199567,0.2361947644755349,0.16618077135610876,-0.0014823360805600316,0.32243322596589286,0.8216736606050739,0.28569998499379556,0.7923321640274399,0.2743284198479452,2.483468219215124,0.13546327599277608,-0.11599801100619145,-0.0784580490829726,0.24972153670622776,0.21983588685723987,0.24926519611022546
2023-11-01,0.2462064125192056,0.12495577651842504,-0.06712880567920765,0.21646041386559345,-0.14078240909574935,0.368112906321596,0.12474804360829794,-0.019166854526209476,0.43134261621659165,0.6791027956811488,0.4011071426698345,1.2126329577918376,0.36882966234721803,2.585600499854178,0.18558051156444044,-0.05666352037435207,0.01301472771911949,0.30515685325200526,0.2519536185996838,0.3911651067190627
2023-12-01,0.16164652505569532,0.41543546548331567,-0.2496038114872149,-0.18104324521738513,-0.23518869787046714,0.39770081437020277,-0.0055684473741418605,-0.11626364190030869,0.1165163710395134,0.5895837132098369,0.14086640197663858,2.2757350298614694,0.5313729760769139,2.127142742733258,0.13736720868929253,-0.097269787330718,-0.014404112974770733,0.1622290710168186,0.181410393969188,-0.0248563146782258
2023-12-29,0.296668803118177,0.539581139050229,-0.12656685069517293,-0.17529886132693429,-0.0609594669601774,0.30567366028200693,0.004415038490436229,-0.08702005693387194,0.1855193687985992,0.592635407362827,0.15545514294397234,1.6969444492391519,0.4834926648804907,1.73018039713239,0.048813975895122486,0.2266564230842989,0.03762219786125498,0.19118195544236438,0.02173056301709342,-0.03875181873973943
2024-02-01,0.49008041919525613,0.8088095528738839,0.04825948489323073,-0.13632748778047565,0.04263656312682418,0.58324842358414,0.1276941344793583,-0.08578374838803327,0.3062670254878239,0.6090903287909777,0.23403903829167905,1.9413327844337238,0.5819126823715675,2.3901718720903946,-0.008576949776846532,1.0172105464518206,0.007952315277487854,0.2630799713740557,0.12881455193612057,-0.06261549869639704
2024-03-01,0.29206099125509444,0.5147883639364077,-0.03689779407318294,-0.10305347923077535,-0.10982424062748686,0.4055562187363537,0.12801287912441484,-0.010638919056628171,0.2801195762857498,0.946884507023819,0.23960284175484547,1.5782392818684263,0.6117123188102271,2.0107895674291902,0.13993676679154676,0.04106717820323946,0.03576483173432288,0.20939834342886887,0.18115166821681483,-0.07716744006649146
2024-04-01,0.24299086761143118,0.9336010064145852,0.04478735411381485,-0.017956384935387537,0.13978935851165564,0.5177068253883719,0.35887768140904286,0.09527395103848302,0.3369489218985733,1.5103203661191595,0.3564800790247771,1.8995092028447762,0.7010196581926897,2.6265533586997845,0.18327175819340003,-0.0006411445483712752,0.04562085914505998,0.3069327759311655,0.2769799743184598,-0.011387403842922583
2024-05-01,0.03661364923855248,0.7520573106462072,0.3534861019880198,0.015382887571179671,0.2176778343479715,0.4989879796922614,0.28014955444008227,0.04924171647829767,0.5702702859231377,1.2331736834761133,0.32438972950103384,1.3208047827136622,0.48475416162379226,2.254202282657648,0.10742597488128802,-0.1554034727166962,0.052203863125993344,0.2439617172699391,0.23851751423830625,0.10501754879786751
2024-05-31,0.0036185687797887223,0.7540420837539281,0.31272813322519366,-0.005963530305590381,0.08443465514211068,0.5285448314731593,0.14471157294753922,-0.04749712167616771,0.39479613547903236,0.9300963858388753,0.17060212481123238,0.8079446746324264,0.30312013609580046,1.8733181097902807,0.07036800194965198,0.11221654487199362,-0.00830218571793273,0.15873548353336497,0.18160310754478126,0.04806719216293698
2024-07-01,0.07319119504960936,0.4371589742270383,0.47341271448074185,0.11116187022192547,0.17675419226656786,0.39427728583557586,0.19169570562300442,-0.02121406544933324,0.5118526232524048,0.8934397268494885,0.21250614726440387,0.7142631379538338,0.25797549854087864,1.7575602017128853,0.172247475948327,-0.14186585309989364,0.019019183558451225,0.2122330082215702,0.3573273022403891,0.1744298731905789
2024-08-01,0.12337521901311965,0.5127339369817634,0.4360733096477283,0.03624502936310048,0.10169733462157948,0.5304931127540622,0.11070003026402175,-0.08757622579002544,0.45005082782195727,0.9642622417353497,0.1191931663838246,0.7622029469484695,0.3516852451902792,1.93927549054153,0.09984246527579677,-0.19830381855044932,0.04518154553130138,0.11705975516004274,0.3062536111953491,0.10963241358360665
2024-08-30,0.12223125035995897,0.39775232676541483,0.28639363917300087,-0.020392079930924734,0.05339704829955472,0.2995514281206797,0.10821949630465322,-0.01833958613189124,0.3563472567722772,0.8509740374201558,0.17143224816195257,0.5455448938443157,0.249845173024271,1.3489517797596249,0.08728241060655795,-0.16934157687046547,0.15246099175415107,0.11765037600905948,0.33458249622837566,0.13551073200038122
2024-10-01,0.21488335427706673,0.2923545200573763,0.4360307497692253,-0.06045737638356308,0.11578731346651461,0.20571654424294716,0.13507265120465295,0.06622834904102737,0.5696378344579065,0.7347930519022547,0.16994520875450414,0.7625386280189075,0.2787411337407075,1.4615173975384392,0.13834753013406687,-0.12611727925091742,0.2585977278720555,0.1226703489336809,0.45334933195023197,0.07536344698498088
2024-11-01,0.32800374822695,0.4563404726467426,0.4724173836379668,-0.07369971861193603,0.16954768742840365,0.27925642417037877,0.38890996128492206,0.07297496416505123,0.46357396415247565,0.6577419811941416,0.26117339913893733,0.9260037810182091,0.34235232054079057,1.690530816725349,0.21640009157693196,0.03117251920276698,0.17452219603282648,0.21640591739950388,0.5450586502068857,0.05574959258199996
2024-11-29,0.28786944243916945,0.44474447208599455,0.6259728125748834,0.10924385982922313,0.1911397965263104,0.3579607855324285,0.40524591986790126,0.11101605774952827,0.6428939378530234,0.4869105554903732,0.35254616018451834,0.8241710449087347,0.19470115855800585,2.2000224359691147,0.13100871754729804,0.21063887627174505,0.08390275410738579,0.22822092035525077,0.5157306454040782,0.12628179695228137
